geo_id,country,state,city,postal_code,region
001d88c17fc1af650bcb2f6a522d25e4a688a61909e7b9bfefc4b357aefdff53,United States,Michigan,Westland,48185,Central
002c9d42d7bb4cd8cf97a555c5820306ea8bda32a21ffa5ebfcb54054934b677,United States,Michigan,Mount Pleasant,48858,Central
017678bdc069ad70a3a32d715a8e6488dff75c1c76e2333790768deef0172b48,United States,Florida,Margate,33063,South
022cfd624bca580c54b87bff584b41db73a1c468a1e4bb27e2f0d653c9640bb7,United States,Oklahoma,Edmond,73034,Central
02d25de51e3f5ecd99c443fd2bb48491a9514e3dddac6df7198e2450a48e8ab6,United States,Missouri,Gladstone,64118,Central
040b4e3e25339bed7055d0b7cd706967e056de11d43da4a8c9da8af3573cc405,United States,Texas,Mansfield,76063,Central
042286d921d41f1b0f4181105e2432cb7815f7617ce17f6b2538bc17025c1f8d,United States,Michigan,Ann Arbor,48104,Central
045b0d552dc7bc4ce3db45b1bc26a3834a8238a11bd4a83e0dbea08971574d70,United States,California,Escondido,92025,West
0475b0a3c1b2ca851e5a7f507b245f1fe3f04ad1fc3aaf13dc40a01c26386fe3,United States,Kansas,Olathe,66062,Central
051cb551080bee05526002739de4ae5e5c1b48c81d9128f1015998813ffee336,United States,Maryland,Laurel,20707,East
05210550160eed69f235ac20d0dd2982cff1e4a5bcd8e45e6e27629913f93fe4,United States,Texas,Corpus Christi,78415,Central
0562b0ed6f0fb11de1797c7b100afdafe1ca7926dd5b092f8156b4c4d0633394,United States,Texas,Irving,75061,Central
05d277ffd1d048ca35ff2e94e2b8fddf0b1d9199952a75cdbacabda0629763d6,United States,Ohio,Kent,44240,East
06caa1660233d9ee44c675661f9704fde9e317d94ab0ecd913d4d1c81d581be9,United States,New Jersey,Plainfield,7060,East
06ced28ee10299970b98f6ff3db1f3d41f97b2579bdeb1f592a2a292913006d3,United States,New Mexico,Santa Fe,87505,West
07d7c71969919a9a7efd9290d98c44dfa018e9815695bfd24468bb1e1380ba3c,United States,California,Lakewood,90712,West
082323d3ff8c50f1908c80ac94088e7da0f2d802e4e4344662d680d56dc08370,United States,Wisconsin,Eau Claire,54703,Central
0991c1e6fbb79f166bce803611b611233a0888eeb00e37cf00b630b7aaddaf22,United States,California,Moreno Valley,92553,West
09925f3aa18235e1c865a47f484ab49603416fe9d954b73abbc40af6423fa9ec,United States,Indiana,New Castle,47362,Central
0a082286c72af811503624a1ce825788800fc85c285839ed75496ff63262baeb,United States,Oregon,Medford,97504,West
0ac3028f45e1a2c4d017db802c30e349821d3b80cf76d22748ed382034aafbb8,United States,North Carolina,Asheville,28806,South
0b6f6db62e627e755d1ad6a12efad1c46ff2e610a037a2379a4c8b46b3293526,United States,Kansas,Garden City,67846,Central
0b997050607fd954768768028af710c376007f4d8b24ea8676e7e05251ac69ba,United States,Arizona,Scottsdale,85254,West
0b9d6fb869f07f052fca7b22132573e430845dc364a701394bd974b5f979c9a0,United States,Colorado,Littleton,80122,West
0ba00724c8bfb9d5daeb0fe970e3c4aa2afd236a00d8ca5a68ec4a02a55e68a2,United States,Florida,Jupiter,33458,South
0c05e992077e3ee35cce989f2e7f5e0cd9f1b52cfe5d60d9d661d86c0e160179,United States,Texas,Houston,77041,Central
0c5013f759e18aaca59a64a2585fd77f303697b003045f02d933c1416c3790f3,United States,Massachusetts,Everett,2149,East
0cbfeb0ca5dfeb183d2c171c82e1967270b6664b16049bb8c376106026c53f05,United States,California,Montebello,90640,West
0cf13f2a3386140514f460c0d5b82a8d73bb26a8b9a140a3a45ecf00f285917a,United States,California,Oxnard,93030,West
0d099275488b820ed75474ff3f64522c8d721ba417ff4d1c23429d7c8e9fca32,United States,Florida,Fort Lauderdale,33311,South
0d3deb2347a7f2e5e2eed073fcae01c0dadce477f0ac029a190a17cbac4562c4,United States,Michigan,Detroit,48227,Central
0d9861ca88fc2d9ee773078b786a0543b3c5b33e4c1335232943439d729a7253,United States,Georgia,Sandy Springs,30328,South
0dd60ca59ceb259c279c04347e7c73e5fa915b1daeacb22a74ee315224774935,United States,Illinois,Buffalo Grove,60089,Central
0e491f9635dd6b75c31315cdcb2b03ba48a270c2b1450697ebf82e7f28d8e6c4,United States,Minnesota,Saint Paul,55106,Central
0e7adc8052cbfc1b878048f871a09929ab19978f63dbd37ed96120b199322a9b,United States,Virginia,Alexandria,22304,South
0eebd2c6b114c100a76c25a5f6f1dbea5f24dc8235129c2eec73140175e099c3,United States,Texas,Frisco,75034,Central
0f0485f6e16abbe15397c72e43e2612d8bbdf1fe1b42e464f6719a3620b676eb,United States,New Jersey,Vineland,8360,East
0f1c5c39206786160f1ef08b948defded22c5aa367ecdf2557472ca9c6f4c43d,United States,Ohio,Mentor,44060,East
0f3e50e1fe1bbf7b525c01d500589ec64c7345859cb72422f272ffd8e18cd5b7,United States,California,Brentwood,94513,West
0f5da0f9f79b40adf9752880b4e8d560d62fd21c040bfdc425616a0196d26dd4,United States,Maryland,Rockville,20852,East
0fbae0e8e4acc95961121ba7458903811829d59963bc2925aa53878d81874bc4,United States,Minnesota,Rochester,55901,Central
1102efa5d9ba1cbc6d3bc920459bb7a93b1aa2c08df2784a81467c7f90cedadf,United States,Tennessee,Bartlett,38134,South
114a0e7e412c6d86b9e9b9c60f23c5854168bdd3c507fa64212580cbbd4ac751,United States,Illinois,Wheeling,60090,Central
11e8b5282ec9a69622b1c42397a6e7b9aaea574ac17560497bb6335d9d8337a5,United States,Nebraska,Fremont,68025,Central
128a415bdfb6f8b99ab90339e7827328ef830064e0fcdf3a4d55be9e409dc6ab,United States,Florida,Saint Petersburg,33710,South
12d4e8937f3cae5295fd8609020f257c8661a39848b3d8ba6762c9040a8b93a6,United States,California,Santa Ana,92704,West
135d9784d5158734e164cdb2af4343bc79d0ce1fb5ed77fef85d1b2001095715,United States,California,Hesperia,92345,West
13ef3c677d967935b23773cd88faf9ee243f7c7aaf68075b16dff5f24ebfd36a,United States,Connecticut,Waterbury,6708,East
156153d782a8dee27f70fc76905ec8fb8cb7e857c782403af052ea2bc6523182,United States,Texas,Keller,76248,Central
1566281ba2b80233897e33e0d50004381928b79db1b14c8ebea8a3252e52b8f7,United States,New York,New York City,10009,East
165bb646cfd926700389cad52a01cee8c44fbbea31ff1558003d1bd3127ae437,United States,Texas,Austin,78745,Central
16b0b19b113a8b41a73f3686de629c79549e7392bba39a5fbd5d4c5831a31c16,United States,Vermont,Burlington,,East
16c8049dc3d4d98b410eb36ceb03095552bdc751099be74d63ffc140d6ac15da,United States,Utah,Orem,84057,West
1723e4089345e9703d27846a13e2cab0781eab4e723138c5b178d74ea5cba4c2,United States,Texas,Beaumont,77705,Central
1867e15e513d3b05d03ba4174b23c76d7f7685644404e915e05eeb35ca6e93d0,United States,Virginia,Salem,24153,South
1888be7aa904408abfb6861a1764750d9be3eb54179bd1fce6c4a0b83bab4e03,United States,Utah,Murray,84107,West
1948957f0ac4cb1024d5ae16498ec5f92fee14d341e70ee9c1c4084cdb484589,United States,Florida,Tallahassee,32303,South
19536163f2064b3f76d9e62a66a074512002e0b20f99c6989b4f22acd82f7915,United States,Washington,Renton,98059,West
1973543cf11ac04fd9a2684cec830c40c05924d07f81ef9273572a2356b0b9c2,United States,New York,Watertown,13601,East
19c97196657e8f7e0ba0d65db5552ce3d4522c8407082676dff33719a631f018,United States,Illinois,Park Ridge,60068,Central
1b4ec5effd8528c2848d3cbef6bb14d00f3900e3a9c96d7b3b97a84a279a22ed,United States,Utah,Pleasant Grove,84062,West
1b967e3533032ce16af34f03dd91f15de9dda3be8e9cb4ccfb600b3bc28c3e32,United States,North Carolina,Thomasville,27360,South
1bc1d04ed771869962a20cee774531543d2a2a227f7d95147a645a0a792a8039,United States,Tennessee,Nashville,37211,South
1c8c40581daafbdeaa698fa37490170d02eedcda6d6aca4666549a0ac1163d8a,United States,Texas,Waco,76706,Central
1d6cfe7792324ce0a676c1a656b22e701dbf0e740a8fd3b0894e5be7d77c96dc,United States,Washington,Everett,98208,West
1e0849428b05dc7d3af3de7d4136e65b57b6a2f2ed92e17ef5cda1ce80ba593c,United States,Louisiana,Kenner,70065,South
1ed32b88cbc4e74eb919c03029f7f2bfd21b2a556ccc76dc308e75d668f35ced,United States,Virginia,Arlington,22204,South
1f40856ccff3593a8b7d098989d97e1ada3e80b9facf90fd13ec6d96448f58ca,United States,North Carolina,Wilmington,28403,South
1fe184fb4ce64124b1c992e2d377cee75074f249442e9fbc284b65ab41f6c56e,United States,South Carolina,North Charleston,29406,South
2047c1b3cc5f04893d27c596ad3cbcbc0335791b9be6d935abfdddd31bd8da9d,United States,North Carolina,Cary,27511,South
21b73c61ff6a461ecec348c5ee163aaf5091dafddadaacfa6f0ba4cbd76e7223,United States,Missouri,Saint Peters,63376,Central
22bd8137dc0481bed2feddce84502812b45d7f20eff3a139e29d0af258e40228,United States,Massachusetts,Lawrence,1841,East
22f9983358341c374bbed6e1f7a2aeb9284e3f6810d7646b2f1ea9123ca81f11,United States,Washington,Covington,98042,West
23c3ea0db87daa4d4adaa3716f4bc7ec1db0cf988aef6738dd73bbce44bf2a36,United States,Oklahoma,Oklahoma City,73120,Central
245af25116720edd09ba2841f9528f87748ea6e06c012b060d21fa4d85892354,United States,Florida,Melbourne,32935,South
24a3ff009d378fd5fe20a28d54ac563ca35eada3f2ece790498f0616099b7136,United States,Alabama,Huntsville,35810,South
261536205f1747660345a514faa23528cee2ffea0a7d590eaee6b86d74216c6e,United States,New Hampshire,Dover,3820,East
2661e3933742b9578accdb44317bd80ac047315a1380f7b7dd391853787c7d94,United States,South Carolina,Rock Hill,29730,South
274281df5f28e7bd966e8625ee2afecb5a9bc2d10284bfa8462b73ebbc1088d2,United States,Idaho,Boise,83704,West
278102c3937d84ca99fd1550f133da30480c41bcad88c6fbec71df5ad1a570aa,United States,California,Yucaipa,92399,West
281dd959966e540856518c93625804d3bf7f10d428b298cb1a40c35d8c914b2c,United States,Pennsylvania,Lancaster,17602,East
28230f227779a58e4d56bed5700d029737c5c67494dbef2dac8a477fc721d1e6,United States,New Jersey,Clifton,7011,East
28a005fb5d3ee118f8961ce0b38269a19ae4310df2533cae80df1516af711986,United States,Idaho,Pocatello,83201,West
28fe34fb9b1f076c7781b86ec41013eb4cade40015688983c5747a31ab649145,United States,New Jersey,Westfield,7090,East
2994df5c4343004af1794a88b3b452679b6db9226a197de1eb11cb0a8d45f912,United States,Illinois,Frankfort,60423,Central
29c00da3c03aea1d380539f7370a92cceec73de338aa4b14be58b084798c3b70,United States,Florida,Boca Raton,33433,South
2a41ae22e675ac6659b05e456b229fd87d49a66051cdea04a95712dd1d463676,United States,New Jersey,Bayonne,7002,East
2a46dff3680bc89e6593661bce79d1217d5090fa1d93c3a5cface032718eab9c,United States,California,Visalia,93277,West
2a65c75fec6fe4f334da72e464deac4b6fc609786904eee534d518ba4df98d8f,United States,Wisconsin,Superior,54880,Central
2b02f668b39ba51f30bd9da21fa523c2089385e0ad579a003f66a775e6d4906d,United States,Massachusetts,Malden,2148,East
2bd5231fdcf9852fefe34b19453607e335c498ba1f4d5bdb06732356601c3d71,United States,New York,Troy,12180,East
2c234ea094c5806e131655a6a44b62677ba25d3cb536cb76968d77895bc10859,United States,North Carolina,Durham,27707,South
2c666e0abc996a89ac85aac138be1dde1512b95e3edba93aa9e13d1c4056d1c9,United States,Arkansas,Jonesboro,72401,South
2cbb97d3c79416dcf06ced4d8aa519275adf8aa1c6e9d8d0d43291300fe3eb41,United States,Utah,West Jordan,84084,West
2d3d202e0f667c27fb270f679e276951650750c7e98c270229c083675c602b7f,United States,Delaware,Wilmington,19805,East
2d8602fd89cea236f362b41f9ff7a3dd09fda8f829512d597f7f7e19ca62c63b,United States,North Carolina,Hickory,28601,South
2db708ead57d221d18a7e7089e9f5004a10b6a389236ad3446c1e0784dfee7d5,United States,Iowa,Urbandale,50322,Central
2ebdeb2b91682777485be401e6a462c5bc818b6dc5937b714bcd51dc2c5f0b3e,United States,Florida,Pembroke Pines,33024,South
2ee4e274a9ebe7f91fc49819e3e1ad80f86aa774ccc5857f560905578d728c75,United States,Michigan,Midland,48640,Central
2f013252fac4b77773f274c7582d080b1c81a726f42a3705a3faae8de4df595b,United States,Arizona,Sierra Vista,85635,West
2f7ab07ac81e38a97d73f6ddc614063001101dc6958555e683cb6818529281aa,United States,Florida,Miami,33142,South
3014ebdc869415ff8913123c6c3356fe360a2845293f4abb3a5f4be4322e212f,United States,Maryland,Hagerstown,21740,East
3032fa7cb55de84e0145a3bd4f3ad5654c4a5d3f15468f59c026a86b26112e3a,United States,Illinois,Carol Stream,60188,Central
3218d7e6554604b8938f2c3952785d1dfbbab6f9a66f9078229f1350d478e3f5,United States,Nebraska,Omaha,68104,Central
3270f09c4f06885cf62b07c3a457221d4f00e2458c70bb5df27c0b6597a5a526,United States,California,Danville,94526,West
33200326dc6c1ef6577131386392a00dae63b9107fddf66648333ce9f5313a0e,United States,Florida,Tamarac,33319,South
33370b1eb97f3a8f18c632669e016dc520e5ea04799c8d461681bff7c08cbdbf,United States,Oklahoma,Tulsa,74133,Central
33ef99645df1735c72751ea43e467d7528cfe57b2de18140e78b895227126623,United States,Kentucky,Richmond,40475,South
3410174cb2eb8bec515202d65f7953bc550198700e1ec4609532085545f829f1,United States,Tennessee,Knoxville,37918,South
347de0fd1061bd37867c8e9d5d96df745fec9285bae4a0e8f4e488a49d2f4442,United States,Rhode Island,Cranston,2920,East
34b6998b3d7b5eaf29595f32e4c6badcfc61805ce67d87feda1eefa3a3621198,United States,California,Oceanside,92054,West
34baeb230b00b1f12d3607f11d2f5f5b0cedecf27f2bb7b55d36214d90dd7dab,United States,California,Los Angeles,90004,West
34f3122b528d5f7c20618b21bf2fa0750625dff3c2877db2d6c41c88d0b37cbf,United States,Oklahoma,Muskogee,74403,Central
35634b2aa47a344257b30dd7b8469a48daa7c55f347afa359c47676a16324b67,United States,Georgia,Atlanta,30318,South
358a9173d6ebee29e78765b9b22c1dfc2e2a074e71c4c52472bf2fddb834ed05,United States,Indiana,Greenwood,46142,Central
3591ed0e13ae162730e5bd3d7c11c985f56d5a63b0581f5408b58f108b05115d,United States,Arizona,Yuma,85364,West
36d8f5724a313a9e9d9d83576ffc84fa6c6b8d08c95f41945e02004e745fc542,United States,California,San Bernardino,92404,West
37bcc44059bae8c3b131245556efee55b45d700ea9ff6ea4db501ef2a6808afe,United States,California,Pico Rivera,90660,West
37fca607ddfe10cc092299e068c1de5500d5769b7ef775c35dbbfad67b899d87,United States,Ohio,Springfield,45503,East
383741af49330ca2d67d9a3f249c9699a52ead3043f783fae3bbb94a73794889,United States,Michigan,Rochester Hills,48307,Central
3859cec302d25e2fd7f047870d2560fe5a6e5f143cee0db31361d9266f4afc16,United States,Colorado,Pueblo,81001,West
385fea96bd7275a555333101f5e970f32ff069dc0b19668ab583ef1a3eeed4bd,United States,Tennessee,Bristol,37620,South
3872965678d1c53c76054023d9af0301f484b90448d67bc64793fdf809e9f976,United States,Delaware,Newark,19711,East
38dd64a34b4cfadc90b79943e9092ede890e471cb8be63b079e92a6cc3573566,United States,Indiana,Elkhart,46514,Central
38f5aa820c45530069ef4753774110d1060841dbcc4f97d2897763407a6573c4,United States,South Carolina,Columbia,29203,South
390d05dbc994ebb1de3ba88fac7df0658c6d87f0ffc4e088bacb3b480049dee0,United States,North Carolina,Gastonia,28052,South
393110bd5807266e9364ecf61e965d39004d6294066079bef6065492a928ffec,United States,New Jersey,East Orange,7017,East
3954dedbd5ee337ec53de473b7bb75d4a7277427d2d2b0ac725c8f81ac6772e8,United States,Kentucky,Louisville,40214,South
3970f3f99189a0b178246e8b2514baf4b0a66fa606f8fa331be749d9819cb456,United States,California,Vacaville,95687,West
39eb4d39611fee58c93e66a348ada8739c889070f882e8c4e96c140c250555e3,United States,Florida,Deltona,32725,South
3b3984fd231fe9369e0c138a1e83814d147218a594e82248458c29a4fd75c7d2,United States,California,Santa Clara,95051,West
3bd7ad6f50a101ecc70c4c3703386ca2e6c4209be8e372ed17f895d0d571b259,United States,Florida,Orlando,32839,South
3be39fe72785964791bb0477da7b235c8d7813d46a7a8fc0d8d571655f9403b6,United States,Virginia,Hampton,23666,South
3c24d53762abea19a3773749c564d6400f5140595beea390af76c32940a5f819,United States,Mississippi,Gulfport,39503,South
3c76075003676190c54e73952b550e9b47179eff4b46c21715d5c564e48a08d8,United States,Washington,Seattle,98105,West
3ce69ef29155f2501287ee2277bad7c172a0039853f5bfaca545ce43c69076b5,United States,Alabama,Florence,35630,South
3de11195d3d59b5f50033d87fb7fe7d33f7511d4c7a8228b5f6b6fa3aec0f8e1,United States,Florida,Miami,33178,South
3e3299a0f3081fab001178b8b92d8ca3cb3ecb3c3d6712bfbb6e97192cd7ad17,United States,Michigan,Canton,48187,Central
3ee5a0cfb2e6088c231d2d73c3ad073e3a913d8ae73bb46db367eb8ab1a40bf4,United States,Texas,Houston,77036,Central
3f94040c5f640effb6048eb60e0ef519d37ed6b676fc9a5d47edb0ba0beead5f,United States,Oregon,Eugene,97405,West
402f54f9d96b4c40ea065a2bed3971eae382bdc9c599ea5a4b4da730f215bbc0,United States,Texas,Dallas,75220,Central
403982de23f7288e2080f9a5cc81a431799c03e3ffa399eab1becac439145418,United States,Arkansas,Texarkana,71854,South
4044c5a863ce4c663a7686d4b867cbb3cd5fe970018ddef5281193b256e4a1ea,United States,New York,Niagara Falls,14304,East
40a33cfa460f0bd4155c748bd81769a93deaa73de745741116fac89e69bab598,United States,California,San Luis Obispo,93405,West
40be0d299f7632ce57ea84d9e97073ba6ece0b7c66ed622ca5b02f71b6d8f4c7,United States,Texas,Mcallen,78501,Central
4121a5ed7c880c66cb4b38ee85dafa3a94bcaab170915cb1de801c9c3c09ba0b,United States,California,Lake Forest,92630,West
41c3e5bae8544926b9ad716a15f571f20c16d6a1ce5d19f29d64290d7b22f8e0,United States,Texas,Missouri City,77489,Central
41e7bf37c22879cb345eb4bae88e48fff5f303360147f67261beed005f4c223c,United States,Nevada,Henderson,89015,West
446c4fc8b49275387806201de5b8b9b0c98768dbdf1859ba40a5461b8deb91c4,United States,Minnesota,Saint Cloud,56301,Central
44771e5e6134c7e643375004ef8296857b65fb6d97c704262693435becf106c0,United States,Virginia,Harrisonburg,22801,South
4478b682bc7b4d5bdec789f770101eb04a6d243f8d0e34f17b5846d14d26207b,United States,Florida,Jacksonville,32216,South
44cc5c4ba1afd05f71bdba8fde85b3d6541e0ee02905914cc4a137413b6e6ecb,United States,Ohio,Parma,44134,East
44ce320658b25d8f0d6bba726953d643ca94fc67bef1ef2e9d74f2c4ea8decd1,United States,Connecticut,Fairfield,6824,East
44d19b0bd70613527e47c1f7da5413de8c4b23187077427788e4870161b2f825,United States,Michigan,Taylor,48180,Central
453f1fa866227f8ed6f2b522918333b6b2a48118161ef95ffa09692120699c9e,United States,California,San Diego,92037,West
457af6d12975eb9cb3d84597074bbe248df4c8073a5923e93e0ec9099e0165f2,United States,California,Torrance,90503,West
45ebcfe88c1dd378c7d90170238ceee5ceb81a30b8f2477c0cea8a7e43a5a52f,United States,California,Davis,95616,West
462183e9f52cb3c843a4669a8ef922e12a4e70f9871cf7070a924e0184496d7c,United States,California,La Mesa,91941,West
470a3d879e0f3e5b7ab9069ad9f5673ec493c8d363643328597eba3f49bf1d0b,United States,Michigan,Holland,49423,Central
477c14250c40d1e5f988ccf1a0a133015f93bf733cba332ee4dad72e81ef2685,United States,California,Costa Mesa,92627,West
4789c76f70e835e7f73ee3b6078b89d22d4ebbaf81d48eed7c15399f00b1cc98,United States,Washington,Des Moines,98198,West
478e2d4de00a81c826ce90c9d0f224f6f7c028d4490578d21ed5db10edc5790e,United States,North Carolina,Raleigh,27604,South
47c0b278362769d9b591b712cfe36942baef0f0ea8784c2c41324f6f781aea41,United States,Maine,Lewiston,4240,East
48080e88d8c099b7124675f8fb144fae89546424da1591cbf251b1923f0c306e,United States,Montana,Helena,59601,West
4891fd7505e4ffb8ec1adcdf27635343e6d26098bfe9128bafb406fce4b69387,United States,California,Thousand Oaks,91360,West
48b08925a5cf490f2ad31fe1749aa550809f19a4ac4985689bc001423b5c31ee,United States,Oklahoma,Broken Arrow,74012,Central
48bf4215417ca8b8de444c27b578f1dd709c2f5ce08837e8627f16939eb1b853,United States,Alabama,Tuscaloosa,35401,South
48e27efe6823438104514bf08135fa7114840246c16309bbe111e85baa678930,United States,California,Los Angeles,90008,West
49e5727e8aeeeb416f1f62871bbe6c003b736c3f5f56bd6ee69fddca902b381c,United States,Illinois,Chicago,60653,Central
4a12093c5993ac9642a260a8098d7c71092dfce87d6e1146895c104c1b846dd1,United States,Oregon,Salem,97301,West
4a3025b277bb09cc4d755877f1ecbe4f254e4bee908d6cc2fc8b0e933c2b9853,United States,Nevada,Sparks,89431,West
4ab3636696417fcbb4b57ac125a8c47ccda33133c0b782116809d907651e524a,United States,California,Vallejo,94591,West
4b46ab0e3df6a485aeecdff3dbc82aebe4c76470bc215fd2be43345474d115a2,United States,Washington,Redmond,98052,West
4b7be96787311264dd91baec7c6f623ce724dada414bcc6e01212cf0e5162a37,United States,California,Los Angeles,90032,West
4c3d08283d580375138badf38025376011e41cb77c6b7f8833357bc3f677784b,United States,Nebraska,Norfolk,68701,Central
4ca403735ccf9577a2620c6dfba836eaca08478495c456f0bbfa4f780bfa5148,United States,Massachusetts,Lowell,1852,East
4cc5407b10fe4368a436734a0480d55afefca5fb203bdec20848bfc27798fd0f,United States,California,Camarillo,93010,West
4cd87a02f362e829130f09b700e6971088ce9f468b73285730756f13c2b35e41,United States,Florida,Pompano Beach,33068,South
4ceae0504df0cea59259a7a6e23653d73bc99e50cd9a3d82aeafb83d696e6bc3,United States,Wisconsin,Franklin,53132,Central
4cedf2dae43f5e3bb55ae5b607ba05f2d7b25ceabacc586a10654c7140eff573,United States,Connecticut,Middletown,6457,East
4d094485c711df3dd15c1fbe3b942bdbbd70894b72f93861cd581d5ce0f9af27,United States,Ohio,Dublin,43017,East
4d8639b1f00db6c57ffe2534c61979ffa3100d77763f7b579c688aeb8113bae2,United States,Texas,San Angelo,76903,Central
4da3009ebeabda4492a5ba7faf1335391577cdce3b2179ef37ffea8c0dfb507b,United States,New York,Utica,13501,East
4e10e6945cd9489b54d2249c4fe92f1a4285b4f3060f57a1b0976305e28acb67,United States,Texas,Amarillo,79109,Central
4e3c76bb4cff01c4eeffe0aa5890df55c2a138f100ede2bb6a75d0836aef10e3,United States,Illinois,Bolingbrook,60440,Central
4e6a4de25ba0ae005a8c0edbf5b049a020eea3a419f32026c1a3a8d088d65fcf,United States,Kansas,Manhattan,66502,Central
4eb05825fea9e9fc89756a6396609d93acbceb2ce8d1cbc6c2114f2a50dba52e,United States,Massachusetts,Franklin,2038,East
4f23c0d6ca8e21638c4a9bbd5e3ee4c9557ee784e8d154072e323bf797be661f,United States,Tennessee,Smyrna,37167,South
4fb4f3b29fdc1b32a4250a29f1629b633f4d47c868e40f5e8e74cc71a224c093,United States,Indiana,Richmond,47374,Central
4fe765e300cf96b08f6603a3908665f2c6d460030eed4783bc99061cbe97b46c,United States,Kansas,Wichita,67212,Central
50d940411b9ec06de4a914c78e8ef175d14f67198c45afe6fb4916777f2b0caf,United States,Florida,Lakeland,33801,South
5124a8995da477b2bddeaeff5ae203cf1aefa120413bfbafc9d9dc7b377b864b,United States,New York,Hempstead,11550,East
5143af40b6b6366e79d0d7e790f9918c0d324b5a3744a1781362f601f1f3b760,United States,Oregon,Springfield,97477,West
525478c6ce78ca78f96e4c7d4260f9410030eedfd05eebb3047ff78200b72879,United States,New Jersey,Lakewood,8701,East
52a85ef969008d7a2826c1aee80b289fc4d8bf34b9a538a31aa59ac7c015afd9,United States,North Carolina,Concord,28027,South
52c4ef42ed12de84f5c0ec3483dd9f7157365510b2b2475466e2d8716bc3f98f,United States,New York,Oceanside,11572,East
531f1664d9e1fcbcb825e3466d5518b237155dc687bb136d777bcc8aa98c7b2d,United States,Ohio,Grove City,43123,East
5338e52060d2d1a3ce65a2ab52590d48948d073a18667ffbe3d72a50b3f93729,United States,Tennessee,Franklin,37064,South
540431e59cd49a9c7d1bc513928302b91486dea1b8048f322e9ec63784772cf3,United States,South Dakota,Sioux Falls,57103,Central
5435a6b195c07340ab2edff7ff05598b66b9aa906de5e099a61cd5fed9669bc7,United States,Texas,Dallas,75081,Central
54b1fbaea24012be35989280f52aca1fee3d00389aa372de64e4c4ad535507b6,United States,Minnesota,Lakeville,55044,Central
553ead0f27ac75445f7242c7cbaf3aebfde8d00f0b192c4e26e1de2b3db5ee24,United States,Washington,Edmonds,98026,West
55d30959ab03053c6469527b4d42b991176b4527b37463023d43ab17260954dc,United States,Illinois,Romeoville,60441,Central
56ba10d2c6deb9cd8f83f5ccd3d1236616601c2b333711bbbb360e7e51e8fa72,United States,Illinois,Quincy,62301,Central
57548d8fdc35cab148eea5e0e46609e11cfc611cd491dae54b6e793985d0b4b5,United States,North Carolina,Wilson,27893,South
5874696c6786c242566c3257205d1922a2eec653701de25ad28d8be585fc05b9,United States,Texas,Harlingen,78550,Central
587c7dd0d7dbf745969947423bde465f84d59ebcfe169bc70867f1580019234f,United States,Wisconsin,La Crosse,54601,Central
58a072ac0ef585bae18efc5921a4bbc24fd29dab6d63c5d97f850c0911b8a3c5,United States,Virginia,Chesapeake,23320,South
59651dbc0fb5a5bf1d2b2737fdf4801d3a4fe61c88795f5bafc9e4753fdf96d7,United States,South Dakota,Aberdeen,57401,Central
599b4d8ca4fbe4977617d5c223dd9d93c63106ecfc65910deae9422e4631366c,United States,Florida,Coral Springs,33065,South
5a3b2763952516041c2cacbc4db45dded37ce49d4727d8269b2d6e4a646bae45,United States,Michigan,Oak Park,48237,Central
5a9a802476c97f519f3c5b06f5716634056c3f24e929f9547e7c4b10210cafe4,United States,Delaware,Dover,19901,East
5b69e25d219b76b646f7d126b9f5d208daf086f2b0cea69498d4719079b620fa,United States,New York,Jamestown,14701,East
5b72aa86a87eb2b2fc8fc2b1a0ac441abf8ccb6f963d3722507331c067156507,United States,Washington,Bellingham,98226,West
5bf08f6a496fa7a506cb43c0d62b6c1fb697b3cf0f8e89cf0634e336cc634745,United States,Illinois,Danville,61832,Central
5cab84593606138b2129ffd5d01274d3667471d10579578f21b5480f0491d5bc,United States,Washington,Seattle,98103,West
5d865ce55ce343655e8b4737258af3587087b5373ebf75a45ef034e844ec1723,United States,Indiana,Lawrence,46226,Central
5dc037af0078402786175668d3216db9ecec84b537bde081b4cef1e85a71885c,United States,California,Pomona,91767,West
5dd6578e9a649f4734c9cc188d96f2d4ab3cf7300b4e68d8da8720f8a2b6367e,United States,Ohio,Troy,45373,East
5e06ce7cee03849820f7817a6700b3e1dc19ceeb7d209393c868c2c676802fb7,United States,Texas,Conroe,77301,Central
5e3b1c6f5b8b6bcfeead7d791c42ed2d619d0d4a56af10b34e45eabf5ea7ddf5,United States,Michigan,Dearborn Heights,48127,Central
5e816366213518c4a73688017009fdb047a477259c5b857db590ba7c6abc15c4,United States,Ohio,Marion,43302,East
5ebf4ac06d7a8037b9f76b4ee236155fad75c84b84ed9be8a2c537bb8ddbff89,United States,Tennessee,Jackson,38301,South
5f79fb8af72a5ba37f4b47c450e83ceb1d9c3949fd7a94ec90950c0db68b7754,United States,Illinois,Highland Park,60035,Central
5fd7d1fe15e67316d22b436aa9c414fb398175fb967961df3034f9358df6c39d,United States,Illinois,Des Plaines,60016,Central
603ed53790588a655ad6636c1b4f7595e4301b34626d870e50a56d0eb9e986b9,United States,Illinois,Woodstock,60098,Central
6048768385c3318e48205d58408356307c47fa387fd05993395cd5755960d9dc,United States,Colorado,Thornton,80229,West
60886e680c03d67b8f6b3c374fd62dfdaa1ab8ad2dc047e55d95641621d99fc6,United States,Illinois,Palatine,60067,Central
60fb172faf142e48db4efc9267875c266c9c4f55bb63ce7011bcaae4c4dbc043,United States,Florida,North Miami,33161,South
612072f8b4371e7116940e5fa219210f9fb508e25e29b6aa5fb6c50f810c1697,United States,New York,Auburn,13021,East
618530f5bdbe22c494d0f749d028774045d8e4816898028bf337d277755d9e18,United States,New Mexico,Carlsbad,88220,West
61a11cdf8d9a7fea0fc3d92add9fa0ccf886284d7eba953fce86c4eea2177482,United States,Indiana,Bloomington,47401,Central
630152917f36382ff0d65299b7aa4eb27b3fc15d83ce43939f3bebe00c004061,United States,Illinois,Orland Park,60462,Central
630cdb08e308b9a9970d721fd0ef18edc9e852cc6939a92f0b5a80949d6a68b9,United States,Illinois,Naperville,60540,Central
6316c30a87ea15ad3483c09ff2d6d744427625c51408acaf12f5489bfb161e35,United States,Massachusetts,Quincy,2169,East
6332e7c52e12860da019680c199a7c7a023a02ef1e089f7b9f15caec3b1a70b3,United States,Wisconsin,Waukesha,53186,Central
634527938334f9718d2391f7bb6a8855edb2200e1427dc5a644fc2649b41b8a7,United States,Kansas,Overland Park,66212,Central
639d50755979d78d917fea740108f2e11f319018c347f8f544720ca329694664,United States,Michigan,Grand Rapids,49505,Central
64da9321283fb64bb18207688d7f763a33f05893f437e78e42211cab521e9d4b,United States,Iowa,Waterloo,50701,Central
6557024ad2f8cd90f666fd1f987c3f85b8ef86308aebcf4653a434ba8e7e92db,United States,Illinois,Chicago,60623,Central
655c530b8275cf52598012305207fd42796d2ad2150be98b1d99795f0f19983f,United States,Missouri,Independence,64055,Central
65b01a4e9327cd1752c113029879484e9eaac9e3054f15ead53f051351a392f5,United States,Florida,West Palm Beach,33407,South
65b560a64a003ccc178d744114711da362afd00c9a8c95b206b51710a64037b5,United States,Michigan,Detroit,48234,Central
6752f03a2aaeef1cad478a3ba45a040d835545793ac96583a372061ad3cb5ef5,United States,California,Concord,94521,West
676c6795ffb31c00c7545f7bd7e45cd291932d3d4ef4fdcb100c68f8b116cd5e,United States,Iowa,Des Moines,50315,Central
683765ebefdd6bb9e047b1fbae222c77a115d7b1cd7080344dbcf1e359ac2652,United States,Florida,Port Orange,32127,South
6849b86bc4af758d0c5aa06b309149f8de7005b4e7f0dbf2742e351d79224d6e,United States,Louisiana,Lake Charles,70601,South
687a0aef0c88419386c0b89eb5b4b7ffec2eae36c09dbb67c2bb7941b2a8ed75,United States,Texas,Garland,75043,Central
690784e8031455a334ced8854d2f0a706b367517921c8421927e8aa6e428a109,United States,Texas,Arlington,76017,Central
691031901eef7cb72619c195f8c302d28aacc77a1e74164647207b43aea07e0c,United States,Washington,Marysville,98270,West
691fa10711202fa24925082967814adad37108e64c7280d3d892a5370900147b,United States,Massachusetts,Holyoke,1040,East
69284cd40841fb599b87ea2f43ca971527a3c729aa6a51edcf6ba324fe0514ce,United States,Florida,Tampa,33614,South
6971794d560697140d434b379cc7c63aec704fe5a37cc098adc92a92c900b229,United States,California,Santa Maria,93454,West
6976f7c91259c563dafb0740bb60295ba40e7a88d755fb2218a2719549b43a00,United States,Illinois,Champaign,61821,Central
6a87c8de0d073c489743b6e2f84800b173cdc7e628f42174d74df712a183074f,United States,New Jersey,Paterson,7501,East
6a9d8d59641d9a63e651f4193c8cca2d4e2f39e7292b221becd0332f07af57a1,United States,New York,New York City,10024,East
6bc7fd0649c28d45ddb72aa25602e68bc55442e55a5654541741a614c754da30,United States,New York,Rochester,14609,East
6c862d5c7064bcd5f0696b1ed1b01b5fc216c2b5aef2ba13790477cecbe1097f,United States,California,Huntington Beach,92646,West
6cd6e4f126351fd8db70f0e003105de758a4485259b48c3580dc37f7261d2570,United States,New York,Yonkers,10701,East
6d2d12e26ce3e7b3ebdf700dce865ca7992beae157ac8da99aa2d5aff4b46c30,United States,Pennsylvania,Allentown,18103,East
6e40059bfd253c2e3e7589b7d78e3ba82eeba105ebfd1e1d6844b9bc93e9aa8e,United States,Pennsylvania,Philadelphia,19140,East
6e4d6c578c6925919681045d7008d942c995f8cfa52e773365f554b96ee29bac,United States,Ohio,Cincinnati,45231,East
6eeb107edefabbdd2a3475cae98ec61a38e1b6cfc5bbf2a344629d73627a1c8c,United States,Arizona,Peoria,85345,West
6f2a6e40bffccb178cf0900d4e06c294eda4a9e65cbfd36d2ae591ceb317ac1b,United States,Florida,Sanford,32771,South
6f2bd2d8913d3e8971255540991d59817d32fde244f94da812129b4e52954dc9,United States,Texas,Fort Worth,76106,Central
6f82cba2fb030781c1282b035bdad0848764d9cc4620759aec2a9b4515bb4916,United States,Indiana,South Bend,46614,Central
6fa4742e56726ca512284fdde04dce1510326297959be05cba9d4832206870d2,United States,Georgia,Athens,30605,South
6fde3a78107aa403c5fa236c5c937d2ed47f8d4d027c9b581e721355abeb180c,United States,Texas,Tyler,75701,Central
7001f0e7949a756a83af22d79152f0c579365c417f0ca9344e52f1d6958fa0b4,United States,California,Fresno,93727,West
7063a65e7b954f0d4ad9aa43705229c08c64ba0fa5fd5c92c98f0caaf46350f4,United States,Washington,Auburn,98002,West
70862a78b75daf227083a1747b5fa37b47be62bd509716cbcbf178d19acaa768,United States,California,Morgan Hill,95037,West
72655691a418451c6ec68221b149c3de3339adfb217acbc43e8793ac3c8506e0,United States,Colorado,Commerce City,80022,West
727c12852b4389437197fbbda4ec235d4505ba46f3d044bc09d4ea337f4f609d,United States,Tennessee,Chattanooga,37421,South
729acd76c8f7868edf28d3c1adb8bfae64b695a8de02adea549e9fc0a4905943,United States,Oregon,Redmond,97756,West
72b2d0e08bd44876ad19a531ffbfac7feb3cfc20283f6a8ff7b4f2bafb90141b,United States,California,Los Angeles,90036,West
7320cf92f486088388d106f06d047badc97ec6711b4ee77bff671b418951a3ff,United States,Texas,League City,77573,Central
7373f27daf217d32001121eaa3cec40a00b45191bff964834c936d73f53bb5a7,United States,California,San Gabriel,91776,West
73802da4a316b1e702d5388367ee6d436cbb0029b6400f575d490fe09cdf7a28,United States,Arkansas,Conway,72032,South
742b047d91582f0d0a963efee6bd77b5c07899cfbbc0cc50d592fbaa7ce5e356,United States,Idaho,Twin Falls,83301,West
745687047f979d79346d7b376bb542f4d85fb4396734cfab17ba920128afe87d,United States,Florida,Hialeah,33012,South
74b5de8a73568e259720b74f5c73fcbe1516b236ca53c49d4d358bc89dc3185f,United States,New Mexico,Las Cruces,88001,West
75497cfca58d3366b8267683769a56a4c0956be7741c2d4bf06c3d4e00999988,United States,Missouri,Columbia,65203,Central
75be3a12a9bc08a62a665feed30540f790c5c3b67f09ebd0b2a0c1dc6c49248d,United States,New Jersey,Hackensack,7601,East
75cc717bbd2bd3acc2fa5f7d7e8a7d5ea3dff16eca0ac7d4f496da0c639e92af,United States,Maryland,Baltimore,21215,East
7634ed59f5b4f886b9f55857b600da8a295493665db177befb6b6ee7ee7444a1,United States,Texas,San Antonio,78207,Central
77bd341f03774784248f8f42de58eaa6a5bfe1b07c125acd5f8e05523b7d518b,United States,Oklahoma,Lawton,73505,Central
77ccd4df20e041e0c7ae6bf9b7a4c3baeffa77a3f0e2170d790245e5cf2eb749,United States,Minnesota,Moorhead,56560,Central
7947a09de89e412edffb51a7e792ce768b9e3cbcb2d763dc393eb9514cd60d22,United States,Indiana,Indianapolis,46203,Central
79723ec43f0f45cf98305f64de415bccc53ac2d66bad3cc0ddad114d325f6b79,United States,Indiana,New Albany,47150,Central
7a73afbe118678cc3c995eb69fb6e10a40f5ac2142d83c311ddd248cd8f8e68e,United States,California,Redwood City,94061,West
7a80b81be606f87115194bde63bb13d06e1600db97431bde19497f7c2c5bfa84,United States,California,Long Beach,90805,West
7a97a3dbb401581bd464739df56c308ce6a75459cd5a4e15efa5e426097728fc,United States,Rhode Island,Providence,2908,East
7ab7106ebca88850b16b5b5b1b230b94fccbf04c875ffda8ba4a223d0459431e,United States,California,Salinas,93905,West
7b50fad4e6809f00d3eb7617f8b53b2fd3cde37ff574009a8c22df14321d5c61,United States,Arizona,Glendale,85301,West
7b90be9572cc372a2f26fdd1a7577f02c50151d8cff9822ae9c697efdd3c4b3e,United States,Utah,Salt Lake City,84106,West
7b969f0c202d59926af5288bd368bf1324eb26838fa1b026082a76b21dcdf2ea,United States,California,Temecula,92592,West
7e0be3d6808d8d461801b2a33af4d011d4baa45aa765699c185079bb4511ff88,United States,Iowa,Marion,52302,Central
7e2723702a0ee36c602947c7c5df2f1b42e9e97118a2d590ce4f99dd460ab222,United States,Nebraska,Grand Island,68801,Central
7e75bbd607f54ad58b48c1334ebe2f73313b667c2da009a58b4e13931c56d977,United States,California,Stockton,95207,West
7e8fc0d8f703dcddbbbc0eef99f3410d6c5e61500b6e9fc6dc879203275e7d54,United States,Massachusetts,New Bedford,2740,East
7ea97df59d94be50c657fda854b3a3e4def7dedff719f004d5f3594f77439cd7,United States,Indiana,Portage,46368,Central
7f1ac289d986276f6a317a9c0b3f0d2a3de92bd07a738c3ea358da714db77ad1,United States,Illinois,Decatur,62521,Central
7f278643eb2bb0f00f5cff9ebb8375425e59452304a6c19f094b5c5916234d2e,United States,California,Laguna Niguel,92677,West
7f8bf81c8e6d849fbedd142440cb40cfed81cbb52f1b21728d0a163f9f18adaf,United States,Texas,Carrollton,75007,Central
809ce9c9630703361427cd461eea73693e1fe6a02e8a267003791b1c005ef175,United States,North Carolina,Jacksonville,28540,South
80f2f5648d174f1d5e6ad6ab2857fb9f17e1979dfb39527556d941ec81823e9c,United States,Minnesota,Maple Grove,55369,Central
8205b3d53125f64f9542af8bd2ef9cae2c5e28d38aa51c98dec6f78094ae6a7a,United States,California,Mission Viejo,92691,West
82e0023393cf4c5384b9c7d81d96ff0a1cdfeca97c0ac6d1451cea57fbdcfaa4,United States,Texas,Haltom City,76117,Central
835f258dc2627d053b6a769a2f70734dcacc386df417f61954037a4ea8219b86,United States,Texas,Grand Prairie,75051,Central
837dae131d5fe9454b7c13d275130ce960fc1a66e642c675b28b4faebfeecb77,United States,California,Fairfield,94533,West
83824e52c25894cb829b16f5853fa11c36438e0d5cb5bbcf09ff824f34576353,United States,Texas,Houston,77070,Central
839a5ac870e0de1db942cb847db1211d9fbbe43b1209cea2a6376b55ee4f7cf7,United States,Arizona,Bullhead City,86442,West
83cd117a09b3257c3e3cc519cfc4fb400258de5acfcb9dcb6cb37edaa1eda195,United States,California,Lake Elsinore,92530,West
840ef33c5dfc982de63e5a618f861fee97d108e76b2f9311ad11c0956823d409,United States,Pennsylvania,York,17403,East
84ee21ce0594ae4838bc73c13cd6560ce3b38ab60f8358df09af710bbcee6c5d,United States,Wisconsin,Appleton,54915,Central
855d2cc1d272c9d4821c345c9de2fd4070363411eee5385c248c0d5c14352c79,United States,Illinois,Skokie,60076,Central
85826db017e177e132045829049e16ac1d9c67a34b093ff4b87a497bc9e267e2,United States,Iowa,Iowa City,52240,Central
85c55368129959db2f15d556af9fafd820bbf1de844ae107ebe3493f262022c8,United States,California,Whittier,90604,West
860df502725a1302135a74c1c98000c907a4b142feeae1debfbfceafbbbb0ee6,United States,Illinois,Oswego,60543,Central
86389943432a74de3b10782cc99950eec92ff737491bd91f0033bc89d128c29e,United States,California,Burbank,91505,West
86734f48b6bf9dffaa1d7def6a8ff72769d082f080d64335879d791d3093764a,United States,Pennsylvania,Reading,19601,East
8681018c221817854a0935596cf218edfbbd956dde1007f42e8f2932f2caf739,United States,Oregon,Portland,97206,West
868348c0a3960b18a354431b4b1ca807a2f9a6348e623021192e5c22c9538b44,United States,California,Encinitas,92024,West
86ea6d06c358131779c4c0286cd65f0f2d26fc8056ce7b8eaf35d030edfe798c,United States,Illinois,Glenview,60025,Central
878008928bb01aebf06214621ff107148285e034e30c37933b28681b7955c79f,United States,Florida,Miramar,33023,South
87b322acc1b52c839bd8013a4594838ef2a33ec3c8a8fee4e3961244bb9cbaea,United States,Arizona,Mesa,85204,West
87f9ad188f0e44f757c38541b9c0931c9496d8ce3ef3cfd213c568b020f78a00,United States,Pennsylvania,Philadelphia,19143,East
8839c9a26bad6ceeb6c903cb689f75721c450d61d893ca32e6a2d661be747e7d,United States,Montana,Missoula,59801,West
88415ed8cbd21b2563d23d677cba62a49bc5f66458890e734a5403d57bbf7312,United States,Utah,Layton,84041,West
88c38ac9a656b58653e0fee7959937f5620315b6be330a70b3279cde99db3295,United States,Florida,Hollywood,33021,South
88ea9664d954ae18afb7adad5d28a8d1373f7b185f1c650eb61fa752e9f7ab84,United States,California,Sunnyvale,94086,West
89e09dbfc6ee16a84fd1f681654304d08cf5b1dfc49344fd8ba773db4f524894,United States,California,Roseville,95661,West
8b449c0e555a91116e9ee10f0ebcdc814b18d044d230f989c9a69aa53b26f2aa,United States,Connecticut,Norwich,6360,East
8b968d5bfb3be1a4f007614b0b42e7fa70f0f7a3472a1f0b6b06c16d07d9b7c3,United States,Ohio,Cuyahoga Falls,44221,East
8bb4fe45b8bc49b83087777dbea2ec150b77a50c2b7bc7b4bee808754b5a412b,United States,Missouri,Saint Louis,63116,Central
8c53aeca8581da63f9d05a7445fa7a53d7ee72b6b13b7824b46123c40c50bb9c,United States,Michigan,Detroit,48205,Central
8c759695aebe9678390012ba99e4c5bc2eb5d70177cf5e3011d04e99373f2970,United States,New Mexico,Rio Rancho,87124,West
8ccfb2ee880623978725521e2e115343e12b4baab2a06852b027dcbf363a42a8,United States,Texas,Port Arthur,77642,Central
8d1e4a5d096579be81fcb16b1f0469053fbd9767fac6cc5ec689a816cf41dd66,United States,Michigan,Jackson,49201,Central
8e3e4163d75d6e068da9207eb3fb1d55dd83a434a23a0ed50021a23c48bb6675,United States,Texas,Baytown,77520,Central
8e48603db475e0de28fb896f56ae1776be4d5d41797a91b5ba5516180d444e65,United States,California,Murrieta,92563,West
8ec753d8e2c5ff3b467cb54f7fe63b288efc2a41639cec2ac562dcf89c47ac15,United States,Illinois,Bloomington,61701,Central
8efecc61695ce78cba0cecdd3940c90f471e582b6899621261b6e9f154c6c86b,United States,Iowa,Cedar Rapids,52402,Central
8f5037d4778db4282279d6f57573a0736ef8eac70c6ec6daa7cf7ac9eac4ed1e,United States,Indiana,Mishawaka,46544,Central
8f62f5dbc8e4014fe8cdb494acc031b4c498254ded2ab6bead13f8e3db2fbc14,United States,Arkansas,Hot Springs,71901,South
9031e2171164e88a9f73f27ed568529366bb61b47f358284a14b52ec59830f24,United States,California,Chico,95928,West
9042e1fc18e3817c5349fc220b81c05d005bea5f9b0dc0695a0134034382a591,United States,New Hampshire,Concord,3301,East
9083808e39049919cb7617f7c5aadb02d1b8c15d18c41ab0db4e1a857a38a97a,United States,Kentucky,Henderson,42420,South
90958d86dc00c5c49ee136243b384f1957e4785223886819fc2087bf0b87e554,United States,North Carolina,Charlotte,28205,South
909ed2d27d8e3896a40f6032e1e5d95a18f12b2c44d4c036f7bb44c01bba9f94,United States,Ohio,Cleveland,44105,East
90e7295caeeff8348bfe72a8de87cd790b13f0cd8bb7bb683c7da2b5271c8367,United States,New York,Long Beach,11561,East
90eba5c1dea028ab90a8f9f40dec88a18c3118e8f9be8cc159f1e813deb770d0,United States,California,La Quinta,92253,West
90f1d00077da54d3d75f5846fbae6182b158ab8bb953a9a84ff8a43033acb730,United States,Ohio,Akron,44312,East
9118b284832ea4a0d059111d1a3c5b622d58c9de4f0aec8facba81200dacd6f9,United States,New Hampshire,Nashua,3060,East
918c0493b05305e6530a8cf17389ae8dc167c5dfc673f02c1c42e94848f84d3b,United States,Minnesota,Cottage Grove,55016,Central
91ace22c9f086277f9a2927b0f88612e15596cc415e06496ad0c015a3bc0d75f,United States,Massachusetts,Andover,1810,East
91fa9ad7feb095be882149497109eb37f912f8dc909a9e55ede25350bb0abdf9,United States,Texas,Grapevine,76051,Central
920960420b14ae82bd7649d39a50721b6d9c71bf5a3b69e902923785dbdbd722,United States,Texas,Edinburg,78539,Central
921f728e59256cb8841bb14ca52cecfcd3f9de08141ed6b31e426e0b5b39e3b7,United States,Florida,Miami,33180,South
922d9b6188906a08c5ff51be55b4f8c24dcb24fc1bc02b198acc624b4f1d06fd,United States,Alabama,Hoover,35244,South
92d3b4378a9dc1bcf8867150b96ff031d12c5c52a7c8c134950f9bcef1644005,United States,California,Redding,96003,West
93a0cad7dd4568e0235f7badd51f51887e5314e26333f86a7d212b5e0a524bc5,United States,California,Modesto,95351,West
93e3e1cbb195da87d778c36145d93c81baad25ba46a63a94b2b0b2201b9ec0c9,United States,Texas,Bedford,76021,Central
94a2c0d3baa0d0dacedf6cc21d3a9f114da4b0b85268f20b73eae405b91c23c6,United States,Colorado,Greeley,80634,West
94e7bb98bdabace4b790d848d191aae9a15eab7ec83a7382ee183d53c752fbb5,United States,California,San Francisco,94122,West
9526adffb9901cf3118c0b57e59fa3914e300e5ceb4dbc053b7bf6c88783bd12,United States,Tennessee,Memphis,38109,South
962faa59ee041a871dc5d995acdd6bb9e9892aa7aa9d929a6961fd6e242df5c4,United States,Alabama,Mobile,36608,South
974966e5f7a59b57ba3aab16f93247df285ceee99fcd5a4baf05ef4915d236cb,United States,Kentucky,Murray,42071,South
9777f3ace55c675b1f3b80b8b6b2120c496f25c092a8dbf4950f2ceb8731a0da,United States,Texas,Houston,77095,Central
97bb396b564c6d2446e9d89ff4370f8bcc7c2ee879012ab5cfe23b68100dfea1,United States,New Jersey,Orange,7050,East
97e103c187eea783ab1dfb02d3045c7b368eb83b4f04746787a73df31f1fdf7e,United States,Florida,Ormond Beach,32174,South
980628490831189f9b44365bafaafb7c1dcfafbcaa25e1d27e264a5d4c40106f,United States,Michigan,Saginaw,48601,Central
991d6e92a4abb969cb6a798874194d98f09b18896fefe0a0e2f68048ab845908,United States,Florida,Daytona Beach,32114,South
99d9c22036454b18eba37c1f345dd8c310a07f0173a2056552914e61bdac870a,United States,Washington,Longview,98632,West
9a4d26f9f226664b221e0a5390404c46f5c4fcf85eaa44909a27fdca99b204c0,United States,Texas,Pasadena,77506,Central
9a566817d8a4d56eb9311b507d49849e33dcbbbe35392bef2a3f81820c19c59f,United States,Utah,Lehi,84043,West
9b0aab2249d738ba7a7e4d71c60f85293904fbceb0670224764d931632ecb886,United States,North Carolina,Fayetteville,28314,South
9b4121f8654c078c27a52ecd374d4e46c20424e1292a852b20dbcfe2705a901f,United States,Texas,Richardson,75080,Central
9b7ce7df818b8d1b80f06bd10e3ae0e1165b9aed2ae40bb810cc05579b1495b8,United States,Ohio,Bowling Green,43402,East
9b93d9e2b54c04f3ff7067d612f303f22dda226cbf95304091a9247feff848b1,United States,Colorado,Englewood,80112,West
9bb18b8f2d18b15971058443dced15b3433b68194fbc5b92c8500e6517021789,United States,Arkansas,Fayetteville,72701,South
9bd3b35d2e56985cb99b41afdc1711c6349c75665e4588058b9cc53d5b47ca64,United States,Wisconsin,Sheboygan,53081,Central
9bffa735dfbe842dcf60303636f7e1449a19c77eb13edacfc5a647753880fc1c,United States,Oklahoma,Norman,73071,Central
9c182a27066937a2115d79b9d470c4b416abff08ac59c96c6442b403f085470f,United States,California,San Diego,92105,West
9c4b82dfc051ea28fb375bc91c433a9ba50458cf589c4087b587dd7c05c627a4,United States,Michigan,Lincoln Park,48146,Central
9c4e8ee67198e3446cd510254eb5db15583bcc58c56d02d3f2844cf943148756,United States,Idaho,Caldwell,83605,West
9c5a1af8534947acca1e77cb8695039f2a9fbab70959df0d3edc7ad20dbc7d75,United States,New Mexico,Farmington,87401,West
9cb1ac892c1cf11aa0835bce475415cf7f38c6058ff4ea4ec4194258a0a78596,United States,Colorado,Louisville,80027,West
9d27ebc447eee7145bd51128bfdac64611a82f23a7d101f50f70ceabb4c00e66,United States,Rhode Island,Warwick,2886,East
9e222c8fcd29117a7d8d7d5d6ff6a9021135ce4666b32f6812a0643bc45882f0,United States,Arkansas,Pine Bluff,71603,South
9ee3c42a229fdd8002a41bb0fb54b8074ec9fe616efb7d20ea9aeab28bfa77e4,United States,Pennsylvania,Philadelphia,19134,East
9f482f5086f063d2949f79b9f87c7611b689c460e0578bccc30c1895bc76f00c,United States,Tennessee,Clarksville,37042,South
9fad9ea72c5a2649b871d42d38b2dfe6f6b72d2df5d57c38bfe85bb1a7e9d5b1,United States,Minnesota,Minneapolis,55407,Central
9fd595338989916b313bbdb525cfe10ff20077ab1d5a9babfa413e6fefb359ff,United States,Massachusetts,Marlborough,1752,East
a065d58f5766ba6a6ac805c1fe818a4f1b90a3606d28a42b0b5ba35c05948dec,United States,New Jersey,Morristown,7960,East
a070d13c96e0e340112000201657b88ae0eb06f31caf9b527172903cc7e09306,United States,Florida,Delray Beach,33445,South
a10c8aa50e53b61ee5d19c9ada2e5522254399ab4c1c30ac97031deeef471b6e,United States,New York,Rome,13440,East
a10cba3783361c1ea5d4df66dd8aafda10f160e81a3298fdc10b4e1bc396eea1,United States,Kentucky,Georgetown,40324,South
a1c9ed18a6ff882a3b7a0602e50df76c98d2c62d8749c30c64c0b4ed3bd7c520,United States,California,Inglewood,90301,West
a1d5f06d8efcb2bf2182c81fbc0c360132bb5605ab6c064f06b567451a9d7d67,United States,New Jersey,Perth Amboy,8861,East
a29b7b6af540c59d3edca55dc6b0cb10710261003a9b3ea169d9e3c98f39dba6,United States,New Jersey,Belleville,7109,East
a2b524e2f12d8c1e73215cf44b890ea5cd98e9cef35a05928a0b6fea09c72ce1,United States,Alabama,Decatur,35601,South
a30d0af4797027bee9847dd94b0f6ac1b6a9bd9f344633767789545c308cd3d5,United States,Minnesota,Roseville,55113,Central
a32694782623435b1b0495289557eedbf9157b635dce4e3f18f5749762359b88,United States,New Jersey,Bridgeton,8302,East
a356fb71d0ce6ad88603b8e1bb162403c2d5062ce6678e5659276d4541a05822,United States,North Carolina,Greenville,27834,South
a3be5576ab30f77d36c6a208388a5c9abf99d650b9192f388c68655d3a66ddc8,United States,Connecticut,Meriden,6450,East
a3e70fadd69a93e010459664fb85bfc24e088643338184fe30aceee3be3718bd,United States,Texas,Lubbock,79424,Central
a466494ced9cc0852459ffc568f66b5b88a4c668d20fc5505de714d975cd1b8c,United States,Iowa,Dubuque,52001,Central
a57f250a462c4623d8544016ebe2d83537cd5e51dc8f4d987743bfec9b476864,United States,Montana,Bozeman,59715,West
a65c9819d4ed695a0e2f8c6c7222b5c06ca44767962a91c78049e6373080a38a,United States,Washington,Pasco,99301,West
a6d74d896e86d568f29d49eda5af355c4ec0c9d27b8b809d77fdb187569801d2,United States,Arizona,Tempe,85281,West
a7206d45cb40a9766b4fcd57e26ee351f2f207496267fb0a746608b5ff056f49,United States,Minnesota,Coon Rapids,55433,Central
a75f37cb3e7bf72456757704c59548449af91cc70c7921fa16add1ba018b64fc,United States,Colorado,Broomfield,80020,West
a80b5d746502505eb4c703b15ec4153add4425f3824267be950493a40b890402,United States,Ohio,Hamilton,45011,East
a8a0ccf9e5f1f0fd976e2e446676e1d4ce793ed26ca5d40eec6172f0b2cc45ac,United States,Texas,The Colony,75056,Central
a8be77929db957881e259bd6d3eb8c85b6ae9e9c195acd378b80ecadcaff2110,United States,Texas,College Station,77840,Central
a8c348209518324be44e06fdd65697675a02f5f3d382d6412fa43a662677580b,United States,Kentucky,Bowling Green,42104,South
a8e5d33ce49a2f3496ba6034637e4eb5a8b66484106e6585c769814c3764f1c5,United States,Maryland,Columbia,21044,East
a8ee813d248fdd0b61151a8bd56b9f872a216b36137c86e31a194a88652df1c8,United States,New York,Lindenhurst,11757,East
a96066c81eaff336bc9ff5fe43209511ec0572f721ad6d281c3d57a98387deb4,United States,District of Columbia,Washington,20016,East
a96e90b795fb03a87c86439db5d1d001bbd5a9ad443d8c53312f4afc724ad3cc,United States,Missouri,Springfield,65807,Central
aa124d96c07b421899ad7d2851c53aa72ab272b4704f5d7fe1c8f6fb6881c912,United States,New Mexico,Albuquerque,87105,West
aa9309cd42148ed81aa6f10c585df702d92d561673c148b57da7edff39421f8c,United States,Washington,Bellevue,98006,West
aaf32fa2fd8b26524c02b4ca6da232a8e4b4f8035cfcd900fd8ad1a96bea291c,United States,Wisconsin,Wausau,54401,Central
ab4432eef0611fb0974e208853a7ab8e766337fae9744f256e80132032a0f4d0,United States,North Carolina,Burlington,27217,South
ab7d515fa1f0f93ec654f930b0083714346c27a0798e7835cf58f34e3e0610c6,United States,Pennsylvania,Chester,19013,East
abab0a0020cfef70a3a58387e5cb28ace2f32bb3c915b8282c4f0bbfd39651f5,United States,California,Rancho Cucamonga,91730,West
abf36af8ce6ac23463a8e34ef1913a41a9e4ae4821c3aca3167dd08e247e359d,United States,Florida,Port Saint Lucie,34952,South
abf7fba6a4cfcfaf86222d8b52c02d25220f048d99b28dc60e069058760cbde2,United States,Alabama,Auburn,36830,South
ac93781471221d06b316bf492069514298a13aeba45ac927fb888b63286eb3bd,United States,Mississippi,Jackson,39212,South
ac9aa2e6ddc85cbb249cfaf2cfe0c8c396c7b1203c1c186ad601fc6ff7c8e576,United States,Virginia,Suffolk,23434,South
acfdf0b5101cc400c1fae3efcf8d050ac40757bff851000e2460e775e630d955,United States,Illinois,Tinley Park,60477,Central
ad0a7aa4e855e36d753ee84a25e4def66a4fb5c9116184c5b37c5dbdb95eeb63,United States,New Mexico,Clovis,88101,West
ad45c6edb75deedb3b333054368f10829c763f840726aa29874b31e183165c3c,United States,California,El Cajon,92020,West
ad8338b85e34dbc5e9dfed6c3e6dc7c334ee7afbf257d1f33f7e2fcdb4f5fc56,United States,Arizona,Tucson,85705,West
ade4b1b276ffed6bfb7b74bdde961c5589e417f681bca4e1def4e301c0cb0508,United States,Oregon,Gresham,97030,West
ae186da25e33a1a4e25df2f6d7a907bc9c7fa5272ac82aa5f1f855150ddafce0,United States,California,Apple Valley,92307,West
ae46d2bccc938c9a3638ca6356ebb1027ff80d74dcf54e4a02bd081e7fae3316,United States,New York,Buffalo,14215,East
aec4dfca1389b85dadc28415915855fb24d27466437e5669d419da44ba938074,United States,Utah,Draper,84020,West
aeca8df33349b02ac1d3ba56a44024dd2d771ac4b437a2b37da4738bc604b7a2,United States,California,San Clemente,92672,West
af484d6fb209142b9be1cfd171da17adccfa4de53d5803a8eced2414aac3cff6,United States,Massachusetts,Revere,2151,East
af53769cf0bd15668d4aae390beb384153577e09929cd88772e210fc62d45bfd,United States,Ohio,Lancaster,43130,East
af5bfb66459a547ece83049babdc1375bf2091fe3c89f7d527bb5137a7ca49ac,United States,Missouri,Kirkwood,63122,Central
af6413085c0cbd5ac2d5a28450a41fecf511bf4932a3fc0da2e1117283eccc03,United States,Texas,Abilene,79605,Central
afb994c59574a9cad9bbdad1098b5773b5160a55a22df814084a154be0325ae4,United States,Texas,Plano,75023,Central
b07748dddc996726f594e4d2d2dc74db03aa723869fac55c4d325fccf4e35e80,United States,Texas,Laredo,78041,Central
b0decbc2927910aed689c614f5acbb42dc692a618b308236ffc595d526092652,United States,New Jersey,Passaic,7055,East
b17638ec7ac4b63b3da4a93a9c8a591702b32b917b78c1b88142e12825e9c2bb,United States,California,Anaheim,92804,West
b1df9be9464e69e59f2951c5b373685b437493d2e2b2d2feafa8f87a0af1d921,United States,Michigan,Royal Oak,48073,Central
b31ebb5927101964195e32364156b130c515a5678be8033c19bd085a07d92c6a,United States,Louisiana,Bossier City,71111,South
b32c4d4c4e1e92dc067a84954ce8c98f837c53f565418f7bef0e0cca731a956e,United States,Minnesota,Woodbury,55125,Central
b330deb1dfffb5f30f9895e77a1707425f9370aac6e485200ee4f4315697ecbd,United States,Florida,Boynton Beach,33437,South
b3ba8c8dfde6aee5eb78cca53dab5c499c1a1f7f49929b5d2a71eb3b47afb545,United States,Oregon,Tigard,97224,West
b3c3a29d3469d3bb803bee344e11de0b26bfe7b476fc9a4e5aff4eb27d96f2e7,United States,Wisconsin,Green Bay,54302,Central
b3e996fad8920c5fd535f6c4ecd9bc88fc7ead28b832998f35ee5d196049971f,United States,Montana,Great Falls,59405,West
b4e599d0e21085fce043abd47972f3499fdfe2415c31c704f2d2131a2bfaf561,United States,Texas,Cedar Hill,75104,Central
b55796212dddada9b5257d977ce27f3246ec877f3b369f2a8a07c1b5a8ca07de,United States,Utah,Provo,84604,West
b693e6080baab5061718ce640e46910dc0bf6eee7659ea38031b318140f3a8a2,United States,Arizona,Gilbert,85234,West
b69bbbf0976570f0c8f281a6740fca9469ca131d004c116b9d155cce84cd3bad,United States,California,Westminster,92683,West
b6aaaef4ade3e4bbb573731268112b3cf5ab25e3e8d17437e02bae9990333ccc,United States,Colorado,Parker,80134,West
b6d02a502c2e7795aaeff22c4546558a9a3bb667ae0f461ebc054298e4f94e0e,United States,Texas,San Marcos,78666,Central
b714aa8ea9879616b31df20ddc49a640ee00473ccd70ff24a43242b8cc4bd74e,United States,California,San Diego,92024,West
b7547c6aca819b7bcc9fbfd528435d6bf1795580b8bd5f7b62b2639f53b0489e,United States,Texas,Brownsville,78521,Central
b8a677737eb129347b7159f50f624e28b6f70da55e1de83a812871162fab16cd,United States,Georgia,Marietta,30062,South
b8e0ce68f82040499a8bb3271ceab22f247ee7ff8178db43383b4ae94f94cff3,United States,Tennessee,Lebanon,37087,South
b92bea854037da7ee080657d92f04fd292ea0829102650410d014fce1a83dc6b,United States,Mississippi,Southaven,38671,South
ba9e2099ee77e531d1afb8e7e5166148e0b4dbd7410c6bea26983a80d20d9dfa,United States,Ohio,Lorain,44052,East
bb088c474266f9db2bcb273fca738d4c0d6d17c982c288586b26d78579d171d4,United States,California,Woodland,95695,West
bb4276172a6c888dee6649ee6c751b964b52f3ceadfb9755181c0c52c66b4fb2,United States,California,Coachella,92236,West
bb522f6eec173b09cc712467bff99c61d62031e4e65af0a31fe932a4e54c096f,United States,California,Redondo Beach,90278,West
bb7093e8642efd91a43eddfaad2a04ceacf214c3e8cd6732612f385a411d06a9,United States,Missouri,Jefferson City,65109,Central
bbbb7d78f33a4eb58a4ef6ed299e805e44082f921cf3ada0e5db8bd6cf84a0bc,United States,Florida,Kissimmee,34741,South
bbd1d32a4b326f5cbac71f2a339f8e299e89cc49ceabb63e53182a0fa7cc8ed9,United States,Arizona,Chandler,85224,West
bbd69d58a4f8523558bb273fc80bca9537bf6d67c8ffe22a7733687c14c575a2,United States,Indiana,Lafayette,47905,Central
bbeed73353e1c8fc1787d6a7ba6237709f4dde8a7ffe8ba32e1ddee018752eb9,United States,Louisiana,Lafayette,70506,South
bc4a99f9af62480eba3456fccb28e9e34340cf298507d62868b5a73878fcf8b7,United States,Utah,Logan,84321,West
bcd31843a05e1175acaa60258e443b0d0b87708dc1a0342d7a5b72ee9f6eeaec,United States,Florida,Coral Gables,33134,South
be2ea8819197eaeae28963f7191c38156794209174fc65ae60bac886decce244,United States,Texas,Dallas,75217,Central
bed9c5e3071f3a9cbad8622bd76dd6a1e153c629491e718c963043b73b9b12df,United States,Montana,Billings,59102,West
bf5325d9fa18361a4b0c917431f2c37887b62c3bcb4d64e38fc615da8af8ae36,United States,New York,Freeport,11520,East
bfdea3a205bdda23421a2666aca7269892f7cea5585fbcf2425ed8f46133b705,United States,Ohio,Columbus,43229,East
bff5475f0e8baca57f02288c1361ab780073017ec57ff150c1cf0b3c7e256241,United States,California,Oakland,94601,West
c0155c84379ed9dc293c96ea73387adfaba12101811b480004a7e69582ed5db7,United States,Virginia,Newport News,23602,South
c047cbcc2df6ef5de52918b4e91f64409787365ef208438765a24e274642b887,United States,Arizona,Phoenix,85023,West
c134f2390caf41d017e6fc8f29b280c9609277384dbd5e9315f289aab8f78421,United States,North Carolina,Goldsboro,27534,South
c23ca06ed8c520beca860bdb7ce25c53c9aa955ec242ea7ee46534db292cb217,United States,Massachusetts,Beverly,1915,East
c311eedaac25cd8e100ca8891d1682faf14b84fcebfa4d3255b922c794b60ab9,United States,Tennessee,Columbia,38401,South
c3638c046ee75ae97acff822ee6f47ac0aa1e124fb966890bd67ba34ec328035,United States,New Jersey,Linden,7036,East
c3d566dc6943b89b934e6fdd7df42228b43ef3a6f085dbbe7adb1829531def7c,United States,Washington,Spokane,99207,West
c5a134a8fce9ffa000561329064d5b691466198f82a7495471d721b9c512c6c4,United States,Tennessee,Hendersonville,37075,South
c63b5a45fb576da9a49dfd634c86aa34ceffed4beb082f0bebe8dd21019be068,United States,Texas,Round Rock,78664,Central
c66c08b9d0d01b93aa73d6cc156bab6ae3775cab1d261efc8b259c5b4dfd1419,United States,Virginia,Richmond,23223,South
c717ae40d8f0cabe3d4d8307763bb1152536f1bf96cd6bdf538958b8c2ac9a5e,United States,Connecticut,Shelton,6484,East
c73de34233f11c1f949b5fd9e6be96650dea64f8173a6c59f48b1f5bb11182cc,United States,Georgia,Warner Robins,31088,South
c81d935241544cd8a090c698721e888ff790611103abd31bf400d68327414d18,United States,Washington,Olympia,98502,West
c8713b24465c547a7e038bd652e5c8d540b470945eaeb4d949e8118f17f4f992,United States,Colorado,Loveland,80538,West
c88964577cf06defc4341e952c80cec998beea3b7ccc557dffc46b9a3f26baba,United States,Florida,Homestead,33030,South
c8d9fd0cb974b834de94fd4e33d7a7b067ee024208bde0de8656ebd6f9eb0fd7,United States,Maryland,Clinton,20735,East
c96a4861f2e631b332d02a329ee8b3ae22b1764bed0809f989f96b6b917cbfd6,United States,Colorado,Arvada,80004,West
c9a8f6fca6879602b382c307fd50687e0b9e2eb9d2c0072e7e899612881dde58,United States,Alabama,Montgomery,36116,South
ca8da98a05de5bfbdbff892bd524f655ac6a98208d7e63a1b560bbe93e6b26bd,United States,South Dakota,Rapid City,57701,Central
cb0521b414a92a3bf4990db6a9e224066a08c57aba030fc0da46b0e7393fb03d,United States,Florida,Palm Coast,32137,South
cc05247782a4636e483b18a73a325eda5fcd0a6288a2fe7ecc6070f6be65ee25,United States,Minnesota,Apple Valley,55124,Central
cdd1009a0e4a4b3381957ff58e9841133764dd6b34043d4371a231d5c0d5a807,United States,Illinois,Normal,61761,Central
ce1e5c758794bc0f35e60e5d87325060f767d5d11ea1d6bdf6600c5a7a9125da,United States,Pennsylvania,Bethlehem,18018,East
cea5e3079441894206e35c57b3b29f20b2ba690d5d59f70dfebc342c86d2028d,United States,Nevada,North Las Vegas,89031,West
cebe3b6822396b8a9b9ce7b742596ecbd69dc5e51616fcecce23886fda7a6d4c,United States,California,Los Angeles,90045,West
cf163292d8a998bbecc83b0790f4ca2aaa5f964f67ea0f546c8c56c5913a3a97,United States,Virginia,Charlottesville,22901,South
cf55209e7d09d163f3d5aaf72bfe6234459f0dfde15cedc995bbf589a3d88445,United States,Texas,Coppell,75019,Central
cfadc95ce4a4fc1c75c0505dc8306c05c78462bc65881633f6e6a70ae2a066ef,United States,Texas,Pharr,78577,Central
cff02144f2fa9a02cfffb84bb4b62819cd318af5afa0ae3eb2bc68db8760b126,United States,Texas,Bryan,77803,Central
cff6f49ec9674e9e344f01cb9915691cfc3e3a873fe00994d94b8280ace0c492,United States,California,Citrus Heights,95610,West
cfff54f15aefd71b0016cbb8dd6c8b59b274319ab2afdaf4c730b31976949559,United States,Ohio,Newark,43055,East
d0a166cb63d61fe0c5542b6995c3960fd18ebb7022a3bb3c0e8f338cfad0058c,United States,Colorado,Colorado Springs,80906,West
d16fb341b2d92903a15323fdecdb7d57edb6e08dc005d3f464eb7903b2055679,United States,Washington,Kent,98031,West
d2ad48d951d30c14ee2b7f68c7abffa10576e353718c0221f79d307ca4cd178d,United States,Indiana,La Porte,46350,Central
d3dd06d096d901ae3a670ab09298b3c3c67e10136a230f9cfe0a3e4384c5e0c7,United States,California,Los Angeles,90049,West
d3fa4d8e04689164eedcd7a9b3df9d5ed4ae59df386e00821ab988437994070f,United States,Florida,Plantation,33317,South
d41656b43e5e406b3ce40fc1b281a9d9b7e34bf94d7fff50674b6ea568dc8ea6,United States,Idaho,Lewiston,83501,West
d4855e262a4fed15dc6fc31bc555f31c0284f0369d77b31e0541d6b705705588,United States,Maine,Bangor,4401,East
d4ed65ad50c76b0f265a1933ddbf353a4d6d9348860fdc63728a33a1baaac636,United States,Tennessee,Johnson City,37604,South
d6b97ceaa532707ca7968a5b6d40bb081a4e34a90f0d9cc3cb98dab01d63fcd3,United States,Oregon,Hillsboro,97123,West
d746cfb3f174ba43baf4e564aab557f07a79773a24ea8c08ee5efbecd09ac0a4,United States,California,Chula Vista,91911,West
d7c88831e305349cdde6ffbf761557378768dec4f157beb3dd43bcfa8168d6f3,United States,North Carolina,Chapel Hill,27514,South
d8b2f68278ea4ad3363e1866bc80f118291e55cf23ee0323eb2a55b9a63ddcfa,United States,Mississippi,Hattiesburg,39401,South
d8bf0958105cce1a1f45b56722152d0be3baf6fd194fa7dd31ecc3b6881b5e5b,United States,Virginia,Virginia Beach,23464,South
d8cf27595b9b6a3c7bc15d7af0ab8594393a443d4686a2f5a65e03bf086a67b5,United States,Minnesota,Eagan,55122,Central
d8dc653df40fefba7b813e7f4c9e643a9a9ec1b455516b254138fff31124bbe1,United States,Rhode Island,Woonsocket,2895,East
d8dcf1efd5496e2454e50de21e38abec1849b51e98557a85ea334f570613cf02,United States,Arizona,Avondale,85323,West
da4d459488897abbcbc9e4d1e42501485989f2b6fad1c271f07fe6ea37ccd699,United States,Wyoming,Cheyenne,82001,West
dc8a54d2c0eb025ec5dc6b48e80459bb8a36f2b81adae4edf0ecd1505792562b,United States,Florida,Pensacola,32503,South
dcc7ab3fa05da86f31f6fe2681c65b54cb1cd65e6608549111012440024c06d7,United States,Colorado,Fort Collins,80525,West
dccd569be33e48124150bca96508a054d983cfb8e88821a05a8164da3688c339,United States,Wisconsin,Madison,53711,Central
dd265c872ca2d6c16c9fd5352c2dfaf5daf6f7cf4b4b3904cc2efe0b6c93eb9b,United States,Texas,El Paso,79907,Central
dd8c9b7ad128af3fec7bdee47e4912938d83c869ea5c7ffccec8b3439a6de952,United States,Washington,Vancouver,98661,West
de157a9773d89e376e4d3d0779f04f9f454a9204cb6ecaa6ad7ec3e8a5d90e85,United States,California,San Jose,95123,West
de42d5edf31fb073ba596933923a59e91ca061eb75a931da419a7b40e7225c5a,United States,Indiana,Columbus,47201,Central
de99b45c424a51b123ac7464240b6be1eddeb11abc3e9d70e3f457258eaa0ecf,United States,Connecticut,Danbury,6810,East
df7f504f120380a50569f5e2850eb7fa9a0c3083d836ddad8bc823b63233c685,United States,Pennsylvania,Altoona,16602,East
df8212346edf0928ccb995de8ab0d8fb4226d5b51727496b43ef762dfb9d0e7a,United States,Kentucky,Florence,41042,South
e05738b0a5c1cd531776b3178c309a2136522860dbcdbef4f5e400ad9c392246,United States,New York,Mount Vernon,10550,East
e08d5bd0ffb404f88fc978884098f3e00b253eb9f7b0065af0fcbc4684f33742,United States,Massachusetts,Leominster,1453,East
e0eaf9aacf194ac5000ef9c90d39e88fadcdee3cce02044817def5b5cf713f04,United States,New York,New Rochelle,10801,East
e1094b1fdb39f80e0d656666c12fb5b7ad01de5fe2399ed728dbbb92037faafa,United States,Kentucky,Owensboro,42301,South
e123cf2eabee3f7885db1d2371c282a50c5c9a34822d6a6448d653503b0a03a6,United States,North Carolina,Greensboro,27405,South
e19635fd2a7666ef358e5641eec6de312d66483b7c52cbdf7ed7262496a928a3,United States,Indiana,Noblesville,46060,Central
e19b569367f20dbac0530c079f8371e1d57ca1b3912861482cea4f406f1ff1dc,United States,California,Lancaster,93534,West
e27fffe90da1300ead107198df4d7db37bb22308035077f202e76c813435a978,United States,California,Riverside,92503,West
e34706918e7315eef461fc371bb452d05059c20165f59387e4b29dac195bef92,United States,West Virginia,Wheeling,26003,East
e368d3b1163cac8dc3660f57ff95a9e9aadf4f63d644cadf22a88e12480b3d5d,United States,Nevada,Las Vegas,89115,West
e39e19ed6aa55d13e1846924096aa5abdd462227c0e0ac97c6f91717c1fffa1f,United States,Wisconsin,West Allis,53214,Central
e4d967e4bf7bbb98d5e1f704a6e749c9133046c1cccc50a64b86c4fabb108fd2,United States,Texas,Deer Park,77536,Central
e5199db914aabfcd8b5dfbe49dad12fe556c55a6e2c91d90af0e020e76044739,United States,Michigan,Trenton,48183,Central
e531a2a73a76cb59471b7ba3aad8f0e957acfa95eeb017e01a5e7565e60f968f,United States,Illinois,Arlington Heights,60004,Central
e67163cb30f85273892839e7eabf38f248a231b2a1a46bcef0ccf53fd19c3fb6,United States,Arkansas,Springdale,72762,South
e6cb58a5b896765ee7d2046dd19553aeaeae3beeecf72963c3ce93014ffb061a,United States,Illinois,Aurora,60505,Central
e6cc7d38150051fc40992a463e15a89024000f563742b224c0ff61b67f0c6a87,United States,California,San Francisco,94110,West
e6ef09fe6896633c799469ede4d8d9441ec7ccf0a2c5b4d75b0fed72eedd22e2,United States,Georgia,East Point,30344,South
e6ff1359d6dd58b1a0f9d3ca60b13f19461bf3f5ac631d5c2371b4c3a76e408b,United States,Arkansas,Rogers,72756,South
e707d3a28cb029110d4ba6f021b3ffa2fe10af8635fa8044cea0fc70848e4311,United States,Georgia,Smyrna,30080,South
e72e4ae7ebb4917a8d8a3e566a7d2a57b44e1cab93e2cbc0b509326bb1bf02ac,United States,New Jersey,Atlantic City,8401,East
e75bdcb04e5e631c0451383bca84a645f9047b77e5884f33733bff8a32436b10,United States,Georgia,Roswell,30076,South
e7e4ef95caafab55af34c23cf04f37f91d68f84e60a77cc7647f15e00a1c505c,United States,Colorado,Aurora,80013,West
e806c7c3dff52b9f4b8e2389be7ce343c7b789476abf4e7d34d3c2e284cdbdd6,United States,Florida,Apopka,32712,South
e80b7b6ff9c383085a3bd226c5c0c136b62c8109ad08cdcaea9894d23fc66134,United States,New York,New York City,10011,East
e852b45c9fdfb01894f52636ca832b7ed9ca9527cbe124b4991d3250098d3779,United States,North Carolina,Monroe,28110,South
e865e98c40711a2bdb62a5336ae567bd779ddf2f2ec10a2a6894f923d125262c,United States,Ohio,Fairfield,45014,East
e8997f66829cdfccbfd2e3a0c1337dbf4253fb0dbe25fd064a01f2bca7ec2c7a,United States,California,Manteca,95336,West
e94b14067456268696c74934ee9e013ef3655936653f25f484ac267c15057894,United States,Illinois,Freeport,61032,Central
e9a03cd9fdfda0ee94470faa66b4d6c9b46b05fb70670d3e3fb8f116ca372349,United States,Colorado,Denver,80219,West
ea6e3819afc2876efd100137474fcf9d5860d5f4deaa3ea43042450a7ada7133,United States,Texas,Pearland,77581,Central
ead331a77ae2e8f9de712f08babe4bda1b0106d9a82165643000c9b732518930,United States,Ohio,Medina,44256,East
eb8f5e45422d5bb3ba1a9bdb9af0f37e5b20f94fda5c5b8e0673a9f76a6f9662,United States,Illinois,Peoria,61604,Central
ebd5bb3f62dd6094b9364d5e6f197d184790458094fe276a1cde81be72844dbf,United States,Idaho,Meridian,83642,West
ebddf1672fd282f55f5e79cbff3d3657398ba8c8ed25069c9df641cc304bc5cb,United States,Texas,Allen,75002,Central
ec25134b525a365eb78f3825086cc74b1b8b42db17861225090285c7f11dd612,United States,Maryland,Gaithersburg,20877,East
ec4fdfb3ace2dc56e6872e59a5d4733cdbc1127873fda178b8c34a705232693b,United States,California,Sacramento,95823,West
ecf1462da51b7d3b975e749986d9a55c09c4212739ab1734af6ce21cde99c371,United States,Michigan,Dearborn,48126,Central
ecf4327481ee447953b967662f7effac8f5a1388223231b5cacc96fa5065860f,United States,North Dakota,Fargo,58103,Central
ed25f9c44e3a6721fe631673d2223673bb8c18dcac9053552bee8810aea003aa,United States,Michigan,Lansing,48911,Central
ed94f9f4488c6754abdda96f0f3f06f58d2e9df1a83adb2946bf0b6e5beab837,United States,Massachusetts,Cambridge,2138,East
eda37791418a512f67dddf9a7ca7c85fd9ddda92cbeaf60d01487724abe6b1e3,United States,Texas,Texas City,77590,Central
ee6e259246b919a6fce96a3db7f50e83744a3c2fa6a427df6179d1765c0572f5,United States,Illinois,Elmhurst,60126,Central
ef1aa29ff1e3b65fc7d90f71913f84a5cefe1e348c3312537915be1eb813e435,United States,Tennessee,Murfreesboro,37130,South
ef1ebd73abd8a350df1d3a2b1359dfe6a4d1e53a4d530dde53c35a027a1a5b76,United States,Nevada,Reno,89502,West
efe3f6ce95f6d582857105ab68e2ec2708868407771cb5847534120099f38643,United States,Arkansas,Little Rock,72209,South
f010b5037c88aa5fe4b0c67055c2e1f49b3ba3fc801de3452dd933eee17fad8e,United States,California,Santa Barbara,93101,West
f010e22df6960e4b32b253cef37d2cb60406de2dd57677dbd91bd467ee3a6d8a,United States,Ohio,Lakewood,44107,East
f011095b8d3c5c802ef2e11930bc54697b055cd52847e85c1754c49486fcc9da,United States,Ohio,Toledo,43615,East
f06d32a692d88b9a932d81ea1ed186a060cc8da5706048bfdd43e78a8ff3cc82,United States,Texas,Odessa,79762,Central
f08deae78408db25bcb688ff42ba4a9942a88b59f68cdabf05687a3a5933e82e,United States,California,Redlands,92374,West
f1045d78a2b3fa3adb41053185e27bbe78d961417b53d106ef21a0bb3af540e3,United States,Georgia,Columbus,31907,South
f140fa73acb3d45237869026edb26c4d1e20aa342a4f5f302f6fb8ac5205f9c4,United States,Virginia,Springfield,22153,South
f175ab64a3f67126347472663c476022ce45efaade316d7fb656447a3efbf18c,United States,Missouri,Saint Charles,63301,Central
f1a38cb12ccf707d1ec82d904fce45311bfac8737d312faca530a654940fb283,United States,Illinois,Chicago,60610,Central
f23b3b1b97a3272dd4870870f28ee158c04005ab03adcd49c2280c4e6b6e8c9c,United States,New York,New York City,10035,East
f27d5917d6ca760480745e91cfc01eddd431a282c4e93e6e4833dcd9f3fec68b,United States,Virginia,Waynesboro,22980,South
f2b45b34399570121f80d922e5b4655691bb2e453501ff60700ca3fad8a3503e,United States,Connecticut,Milford,6460,East
f2eb945f3d202ec5173322c1d698921de5ee107677e27200703cf8604d23fd5d,United States,South Carolina,Mount Pleasant,29464,South
f3a8f9655edf70c3c02fda89e22e4bee3b7a0f7963a5a05cc8b41b146b2e3585,United States,Illinois,Oak Park,60302,Central
f4cd3126dd10b777342a9699e46c452b325bc07276c7e050dae71ec286ee2b5e,United States,Louisiana,Monroe,71203,South
f58ede76a034527a2546c1087ba2fe5f3ce8c0988f6ce32d7619ee18e513a348,United States,South Carolina,Florence,29501,South
f61a3d09f81f155f3fbb8714b5e5cf911d6f55ae5663e3808f2f17a86b9e33ec,United States,Connecticut,Manchester,6040,East
f65acef64d5c9555a498181a4e4574b5b007926e9b1046b1653f4015056f5e31,United States,South Carolina,Summerville,29483,South
f7038c5bb8cbce6f2b967349a16b980b0ddb0a909defdf1e79f2a453e9718a52,United States,Illinois,Saint Charles,60174,Central
f70ee928742e711cc183637b611d31dfff6fdcf3cd10b1e76f89ed0f0dfcdba5,United States,Michigan,Sterling Heights,48310,Central
f7d55700869c611790b192d5a14eba552031fc0320649f58daeaf0e9e6466bd0,United States,Illinois,Evanston,60201,Central
f849e9eb3c22f339944da68b7ae208d468f6376182851e16f096e6d8ea449938,United States,Connecticut,Bristol,6010,East
f871e2fbc16228ed8179ac56fd95df236712bbff135e836fe5f05aa577dda099,United States,California,Ontario,91761,West
f87dd6f4a33016787da9dd99a6d2cf8c505a4da6c4a928dbb9b55287794d1f95,United States,Pennsylvania,Philadelphia,19120,East
f976c7221afafd75449dd995d297a7dce040745396925a78dd57c901e2d82d55,United States,California,Antioch,94509,West
fb19e71774f14659a46f2acb6cad13d810f4f23274af2e052777fb5534d67cdf,United States,California,San Mateo,94403,West
fb202bea0eb2336181c7052df55bb971c1a94353535da5b1f89fe9df86767114,United States,Michigan,Roseville,48066,Central
fb2e581fd81e04458235dce184f94d08e72c8ad3f32372b4e902be56213acc99,United States,New Jersey,New Brunswick,8901,East
fb58e7f3dfdcdceb77df223e447f3585dee1354ea6c5813bbaa1eb4efd6dfeaf,United States,California,San Francisco,94109,West
fbc69abcd1f23e2abbec85ee68435360d504916d10a40f24a998e9595dece0b0,United States,Texas,Huntsville,77340,Central
fbd1b5ee1cb5c56e717a8b7bddbd9cb3c2317f3d241f5b650a074f9482bb1bfb,United States,Texas,Mesquite,75150,Central
fc1134a9d9b5448a4f4d8b40e848da91663a7e1def2614b648566dc16af7b6ae,United States,Illinois,Rockford,61107,Central
fc2ce1e56a7cc3b285731008bda0616f872884d392c9fe1e7a2f157221670b29,United States,Ohio,Elyria,44035,East
fc41bba00cfcae2eb6b19a4da49f91ed400805580c358c6c465c5362115425ad,United States,Wisconsin,Milwaukee,53209,Central
fc795375e4762dee26f9cef4ac282465b1a08089dcaabde566b3fbf406f70cff,United States,California,Dublin,94568,West
fc856d68bf7721c5ff662a82e97c6855ef56a0a58a810c5ef45b6c55ff7dd56e,United States,Washington,Seattle,98115,West
fcb57a3dfd6c836db19d0140397ee6c70b4136f4a65d1ae9f9506558258ee099,United States,California,Pasadena,91104,West
fce24e75acf30d238ede441f7b5ced7cea2b3c8c93fdaba3eec10160fb5fe49e,United States,Colorado,Longmont,80501,West
fd9cc1e72a7ab3beea1ae3c3fc0b43d52cad2bd8a90e3708e0870485eda077e0,United States,Georgia,Macon,31204,South
ff433dca4bdce73aec338a02f36ed69c197caa5c63a442965eb7b5d98047056f,United States,California,Bakersfield,93309,West
ff4e35bffd36d2f6a470e9c6cdf3c11beb36d5416c8f0d711cfe1457c065c8cf,United States,Wisconsin,Kenosha,53142,Central
ff5a289c227c509891872dedab023c129c2406f49687462c216ac46f1447508c,United States,Iowa,Burlington,52601,Central
